"","catalogNumber","genus","specificEpithet","dateScanned","country","stateProvince","county","species"
"1","AUGUENTA0000001",NA,NA,1992-10-21,"United States","IL","Rock Island",NA
"2","AUGIEENTA0000002",NA,NA,2008-08-15,"United States","IL","Rock Island",NA
"3","AUGIEENTA0000004",NA,NA,1988-09-20,"United States","IL","Rock Island",NA
"4","AUGIEENTA0000005",NA,NA,1974-10-29,"United States","IL","Rock Island",NA
"5","AUGIEENTA0000006",NA,NA,1972-10-21,"United States","IL","Rock Island",NA
"6","AUGIEENTA0000007",NA,NA,2018-08-30,"United States","IA","Scott",NA
"7","AUGIEENTA0000008",NA,NA,1997-09-20,"United States","IL","Adams",NA
"8","AUGIEENTA0000009",NA,NA,1986-09-16,"United States","IL","Rock Island",NA
"9","AUGIEENTA0000010",NA,NA,1997-09-18,"United States","IL","Rock Island",NA
"10","AUGIEENTA0000011","Chilocorus","stigma",1993-08-27,"United States","Montana","Jasper","Chilocorus stigma"
"11","AUGIEENTA0000012","Chilocorus","stigma",1994-10-10,"United States","IL","Rock Island","Chilocorus stigma"
"12","AUGIEENTA0000013","Chilocorus","stigma",1971-06-14,"United States","IL","Mercer","Chilocorus stigma"
"13","AUGIEENTA0000014","Chilocorus","stigma",1970-10-02,"United States","IL","Rock Island","Chilocorus stigma"
"14","AUGIEENTA0000015","Hippodamia","convergens",1970-07-02,"United States","Colorado","Adams","Hippodamia convergens"
"15","AUGIEENTA0000016","Hippodamia","convergens",1981-07-02,"United States","Colorado","Adams","Hippodamia convergens"
"16","AUGIEENTA0000017","Hippodamia","convergens",1974-10-05,"United States","IL","Rock Island","Hippodamia convergens"
"17","AUGIEENTA0000018","Hippodamia","caseyi",1956-05-14,"United States","Kansas","Riley","Hippodamia caseyi"
"18","AUGIEENTA0000019","Hippodamia","convergens",1970-10-02,"United States","IL","Rock Island","Hippodamia convergens"
"19","AUGIEENTA0000020","Hippodamia","parenthesis",1965-08-28,"United States","IL","Rock Island","Hippodamia parenthesis"
"20","AUGIEENTA0000021","Hippodamia","parenthesis",1978-09-16,"United States","IL","Rock Island","Hippodamia parenthesis"
"21","AUGIEENTA0000022","Hippodamia","tredecimpunctata",1965-05-04,"United States","IL","Mercer","Hippodamia tredecimpunctata"
"22","AUGIEENTA0000023","Hippodamia","tredecimpunctata",1965-05-04,"United States","IL","Mercer","Hippodamia tredecimpunctata"
"23","AUGIEENTA0000024","Hippodamia","tredecimpunctata",1972-11-05,"United States","IL","Rock Island","Hippodamia tredecimpunctata"
"24","AUGIEENTA0000025","Brachiacantha","ursina",1975-06-18,"United States","IL","Rock Island","Brachiacantha ursina"
"25","AUGIEENTA0000026","Brachiacantha","ursina",1966-06-24,"United States","IL","Rock Island","Brachiacantha ursina"
"26","AUGIEENTA0000027","Brachiacantha","ursina",1965-05-24,"United States","IL","Rock Island","Brachiacantha ursina"
"27","AUEIEENTA0000028","Brachiacantha","ursina",1965-05-04,"United States","IL","Rock Island","Brachiacantha ursina"
"28","AUGIEENTA0000029","Brachiacantha","ursina",1966-06-29,"United States","IL","Rock Island","Brachiacantha ursina"
"29","AUGIEENTA0000030","Brachiacantha","ursina",1976-09-17,"United States","IL","Rock Island","Brachiacantha ursina"
"30","AUGIEENTA0000031","Brachiacantha","ursina",1975-07-16,"United States","IL","Rock Island","Brachiacantha ursina"
"31","AUGIEENTA0000032","Brachiacantha","ursina",1986-09-23,"United States","Iowa","Scott","Brachiacantha ursina"
"32","AUGIEENTA0000033","Psyllobora","vigintimaculata",1976-05-07,"United States","IL","Rock Island","Psyllobora vigintimaculata"
"33","AUGIEENTA0000034","Psyllobora","vigintimaculata",1970-05-29,"United States","IL","Rock Island","Psyllobora vigintimaculata"
"34","AUGIEENTA0000035","Psyllobora","vigintimaculata",1970-05-09,"United States","IL","Rock Island","Psyllobora vigintimaculata"
"35","AUGIEENTA0000036",NA,NA,1970-09-18,"United States","Il","Rock Island",NA
"36","AUGIEENTA0000037","Coleomegilla","maculata",1953-04-20,"United States","Minnesota","Pine","Coleomegilla maculata"
"37","AUGIEENTA0000047","Cycloneda","sanguinea",1965-05-19,"United States","Illinois","Rock Island","Cycloneda sanguinea"
"38","AUGIEENTA0000038","Coleomegilla","maculata",1970-10-03,"United States","IL","Rock Island","Coleomegilla maculata"
"39","AUGIEENTA0000048","Cycloneda","sanguinea",1970-06-19,"United States","Illinois","Rock Island","Cycloneda sanguinea"
"40","AUGIEENTA0000039","Coleomegilla","maculata",1970-10-02,"United States","IL","Rock Island","Coleomegilla maculata"
"41","AUGIEENTA0000040","Anatis","mali",1955-05-26,"United States","Minnesota","Houston","Anatis mali"
"42","AUGIEENTA0000050","Olla","v-nigrum",1974-08-11,"United States","Illinois","Rock Island","Olla v-nigrum"
"43","AUGIEENTA0000041","Anatis","labiculata",1964-05-18,"United States","IL","Rock Island","Anatis labiculata"
"44","AUGIEENTA0000051","Olla","v-nigrum",1974-08-11,"United States","Illinois","Rock Island","Olla v-nigrum"
"45","AUGIEENTA0000042","Anatis","labiculata",1955-04-16,"United States","Minnesota","Anoka","Anatis labiculata"
"46","AUGIEENTA0000052","Olla","v-nigrum",1974-09-17,"United States","Illinois","Rock Island","Olla v-nigrum"
"47","AUGIEENTA0000043","Anatis","labiculata",1955-04-20,"United States","Michigan","Pine","Anatis labiculata"
"48","AUGIEENTA0000044","Adalia","bipunctata",1970-10-03,"United States","IL","Rock Island","Adalia bipunctata"
"49","AUGIEENTA0000045","Adalia","bipunctata",1970-10-17,"United States","IL","Rock Island","Adalia bipunctata"
"50","AUGIEENTA0000046","Adalia","bipunctata",1974-10-05,"United States","IL","Rock Island","Adalia bipunctata"
"51","AUGIEENTA0000053","Coccinella","transversoguttata",1980-08-08,"United States","Minnesota","Todd","Coccinella transversoguttata"
"52","AUGIEENTA0000054","Coccinella","transversoguttata",1980-08-08,"United States","Minnesota","Todd","Coccinella transversoguttata"
"53","AUGIEENTA0000055","Epilachna","varivestis",1970-10-02,"United States","Illinois","Rock Island","Epilachna varivestis"
"54","AUGIEENTA0000056","Epilachna","varivestis",1972-10-07,"United States","Illinois","Rock Island","Epilachna varivestis"
"55","AUGIEENTA0000057","Epilachna","varivestis",1972-09-16,"United States","Illinois","Rock Island","Epilachna varivestis"
"56","AUGIEENTA0000058","Hyperaspis","signata",1983-07-08,"United States","Kansas","Reno","Hyperaspis signata"
"57","AUGIEENTA0000059","Psyllobora","vigintimaculata",1980-10-30,"United States","Illinois","Rock Island","Psyllobora vigintimaculata"
"58","AUGIEENTA0000060","Psyllobora","vigintimaculata",1980-10-25,"United States","Illinois","Rock Island","Psyllobora vigintimaculata"
"59","AUGIEENTA0000063","Coleomegilla","maculata",1983-09-15,"United States","IL","Rock Island","Coleomegilla maculata"
"60","AUGIEENTA0000061","Psyllobora","vigintimaculata",1976-10-21,"United States","Illinois","Rock Island","Psyllobora vigintimaculata"
"61","AUGIEENTA0000062","Coleomegilla","maculata",1982-09-14,"United States","IL","Rock Island","Coleomegilla maculata"
"62","AUGIEENTA0000064","Coleomegilla","maculata",2016-07-20,"United States","Iowa","Scott","Coleomegilla maculata"
"63","AUGIEENTA0000070","Coleomegilla","maculata",1980-09-03,"United States","IL","Rock Island","Coleomegilla maculata"
"64","AUGIEENTA0000069","Coleomegilla","maculata",1982-09-30,"United States","IL","Rock Island","Coleomegilla maculata"
"65","AUGIEENTA0000068","Coleomegilla","maculata",1980-11-07,"United States","IL","Rock Island","Coleomegilla maculata"
"66","AUGIEENTA0000067","Coleomegilla","maculata",1995-04-07,"United States","Iowa","Scott","Coleomegilla maculata"
"67","AUGIEENTA0000065","Coleomegilla","maculata",1982-09-14,"United States","IL","Rock Island","Coleomegilla maculata"
"68","AUGIEENTA0000071","Coleomegilla","maculata",1999-07-06,"United States","IL","Rock Island","Coleomegilla maculata"
"69","AUGIEENTA0000072","Coleomegilla","maculata",1980-06-12,"United States","IL","Rock Island","Coleomegilla maculata"
"70","AUGIEENTA0000073","Coleomegilla","maculata",1965-05-04,"United States","IL","Rock Island","Coleomegilla maculata"
"71","AUGIEENTA0000074","Coleomegilla","maculata",1965-05-04,"United States","IL","Rock Island","Coleomegilla maculata"
"72","AUGIEENTA0000075","Coleomegilla","maculata",1997-08-14,"United States","IL","Rock Island","Coleomegilla maculata"
"73","AUGIEENTA0000076","Coleomegilla","maculata",1999-10-10,"United States","IL","McHenry","Coleomegilla maculata"
"74","AUGIEENTA0000077","Coleomegilla","maculata",1981-09-27,"United States","IL","Rock Island","Coleomegilla maculata"
"75","AUGIEENTA0000078","Coleomegilla","maculata",2008-06-09,"United States","IL","Lee","Coleomegilla maculata"
"76","AUGIEENTA0000079","Coleomegilla","maculata",1976-09-02,"United States","IL","Rock Island","Coleomegilla maculata"
"77","AUGIEENTA0000080","Coleomegilla","maculata",1970-10-12,"United States","IL","Rock Island","Coleomegilla maculata"
"78","AUGIEENTA0000081","Coleomegilla","maculata",1965-05-04,"United States","IL","Rock Island","Coleomegilla maculata"
"79","AUGIEENTA0000082","Coleomegilla","maculata",1984-09-18,"United States","IL","Rock Island","Coleomegilla maculata"
"80","AUGIEENTA0000083","Coleomegilla","maculata",1977-09-06,"United States","IL","Rock Island","Coleomegilla maculata"
"81","AUGIEENTA0000084","Coleomegilla","maculata",2018-10-09,"United States","IL","Rock Island","Coleomegilla maculata"
"82","AUGIEENTA0000085","Coleomegilla","maculata",1986-10-28,"United States","IL","Rock Island","Coleomegilla maculata"
"83","AUGIEENTA0000086","Coleomegilla","maculata",1976-10-26,"United States","IL","Rock Island","Coleomegilla maculata"
"84","AUGIEENTA0000087","Coleomegilla","maculata",1986-09-26,"United States","IL","Rock Island","Coleomegilla maculata"
"85","AUGIEENTA0000088","Coleomegilla","maculata",1982-09-14,"United States","IL","Rock Island","Coleomegilla maculata"
"86","AUGIEENTA0000089","Coleomegilla","maculata",1976-07-12,"United States","IL","Lee","Coleomegilla maculata"
"87","AUGIEENTA0000090","Coleomegilla","maculata",1986-10-30,"United States","IL","Rock Island","Coleomegilla maculata"
"88","AUGIEENTA0000091","Coleomegilla","maculata",1980-09-26,"United States","IL","Rock Island","Coleomegilla maculata"
"89","AUGIEENTA0000092","Coleomegilla","maculata",1965-05-11,"United States","IL","Rock Island","Coleomegilla maculata"
"90","AUGIEENTA0000093","Coleomegilla","maculata",1999-06-11,"United States","IL","Lee","Coleomegilla maculata"
"91","AUGIEENTA0000094","Coleomegilla","maculata",1972-11-05,"United States","IL","Rock Island","Coleomegilla maculata"
"92","AUGIEENTA0000095","Coleomegilla","maculata",1985-10-02,"United States","IL","Rock Island","Coleomegilla maculata"
"93","AUGIEENTA0000096","Coleomegilla","maculata",1982-09-28,"United States","IL","Rock Island","Coleomegilla maculata"
"94","AUGIEENTA0000097","Coleomegilla","maculata",1997-10-21,"United States","IL","Lee","Coleomegilla maculata"
"95","AUGIEENTA0000098","Coleomegilla","maculata",1999-09-17,"United States","IL","Whiteside","Coleomegilla maculata"
"96","AUGIEENTA0000099","Coleomegilla","maculata",1986-09-26,"United States","IL","Rock Island","Coleomegilla maculata"
"97","AUGIEENTA0000100","Chilocorus","stigma",1981-09-13,"United States","IL","Rock Island","Chilocorus stigma"
"98","AUGIEENTA0000101","Adalia","bipunctata",1970-10-06,"United States","IL","Rock Island","Adalia bipunctata"
"99","AUGIEENTA0000102","Adalia","bipunctata",1965-04-30,"United States","Iowa","Scott","Adalia bipunctata"
"100","AUGIEENTA0000103","Adalia","bipunctata",1980-11-07,"United States","IL","Rock Island","Adalia bipunctata"
"101","AUGIEENTA0000104","Adalia","bipunctata",1970-10-30,"United States","IL","Rock Island","Adalia bipunctata"
"102","AUGIEENTA0000105","Adalia","bipunctata",1965-04-30,"United States","Iowa","Scott","Adalia bipunctata"
"103","AUGIEENTA0000106","Adalia","bipunctata",1975-06-18,"United States","IL","Rock Island","Adalia bipunctata"
"104","AUGIEENTA0000107","Adalia","bipunctata",1970-10-02,"United States","IL","Rock Island","Adalia bipunctata"
"105","AUGIEENTA0000108","Adalia","bipunctata",1970-10-09,"United States","IL","Rock Island","Adalia bipunctata"
"106","AUGIEENTA0000109","Adalia","bipunctata",1959-03-26,"United States","Iowa","Story","Adalia bipunctata"
"107","AUGIEENTA0000110","Adalia","bipunctata",1965-04-30,"United States","Iowa","Scott","Adalia bipunctata"
"108","AUGIEENTA0000111","Adalia","bipunctata",1965-04-30,"United States","Iowa","Scott","Adalia bipunctata"
"109","AUGIEENTA0000112","Hippodamia","convergens",1965-05-13,"United States","IL","Rock Island","Hippodamia convergens"
"110","AUGIEENTA0000113","Hippodamia","convergens",1984-09-06,"United States","IL","Rock Island","Hippodamia convergens"
"111","AUGIEENTA0000114","Hippodamia","convergens",1965-05-04,"United States","IL","Rock Island","Hippodamia convergens"
"112","AUGIEENTA0000115","Hippodamia","convergens",1974-10-10,"United States","IL","Rock Island","Hippodamia convergens"
"113","AUGIEENTA0000116","Hippodamia","convergens",1984-09-18,"United States","IL","Rock Island","Hippodamia convergens"
"114","AUGIEENTA0000117","Hippodamia","convergens",1964-10-19,"United States","IL","Rock Island","Hippodamia convergens"
"115","AUGIEENTA0000118","Hippodamia","convergens",1965-05-04,"United States","IL","Rock Island","Hippodamia convergens"
"116","AUGIEENTA0000119","Cycloneda","sanguinea",1970-10-26,"United States","IL","Rock Island","Cycloneda sanguinea"
"117","AUGIEENTA0000120","Cycloneda","sanguinea",1996-11-06,"United States","IL","Lee","Cycloneda sanguinea"
"118","AUGIEENTA0000121","Cycloneda","sanguinea",1974-10-17,"United States","IL","Rock Island","Cycloneda sanguinea"
"119","AUGIEENTA0000122","Cycloneda","sanguinea",1965-05-19,"United States","IL","Rock Island","Cycloneda sanguinea"
"120","AUGIEENTA0000123","Cycloneda","sanguinea",1970-10-25,"United States","IL","Rock Island","Cycloneda sanguinea"
"121","AUGIEENTA0000124","Cycloneda","sanguinea",1970-10-02,"United States","IL","Rock Island","Cycloneda sanguinea"
"122","AUGIEENTA0000125","Cycloneda","sanguinea",1965-05-04,"United States","IL","Mercer","Cycloneda sanguinea"
"123","AUGIEENTA0000126","Cycloneda","sanguinea",1980-06-18,"United States","Minnesota","Todd","Cycloneda sanguinea"
"124","AUGIEENTA0000127","Cycloneda","sanguinea",1970-10-24,"United States","IL","Rock Island","Cycloneda sanguinea"
"125","AUGIEENTA0000128","Cycloneda","sanguinea",1970-10-02,"United States","IL","Rock Island","Cycloneda sanguinea"
"126","AUGIEENTA0000129","Cycloneda","sanguinea",1964-10-20,"United States","IL","Rock Island","Cycloneda sanguinea"
"127","AUGIEENTA0000130","Cycloneda","sanguinea",2003-08-08,"United States","IL","Lee","Cycloneda sanguinea"
"128","AUGIEENTA0000131","Cycloneda","sanguinea",1996-07-12,"United States","IL","Lee","Cycloneda sanguinea"
"129","AUGIEENTA0000132","Cycloneda","sanguinea",1974-09-17,"United States","IL","Rock Island","Cycloneda sanguinea"
"130","AUGIEENTA0000133","Hippodamia","tredecimpunctata",1965-05-04,"United States","IL","Mercer","Hippodamia tredecimpunctata"
"131","AUGIEENTA0000134","Hippodamia","tredecimpunctata",1980-06-16,"United States","IL","Rock Island","Hippodamia tredecimpunctata"
"132","AUGIEENTA0000135","Hippodamia","tredecimpunctata",1965-05-04,"United States","IL","Mercer","Hippodamia tredecimpunctata"
"133","AUGIEENTA0000136","Hippodamia","tredecimpunctata",1965-05-04,"United States","IL","Mercer","Hippodamia tredecimpunctata"
"134","AUGIEENTA0000137","Hippodamia","convergens",1970-10-20,"United States","IL","Rock Island","Hippodamia convergens"
"135","AUGIEENTA0000138","Hippodamia","tredecimpunctata",1965-05-04,"United States","IL","Mercer","Hippodamia tredecimpunctata"
"136","AUGIEENTA0000139","Hippodamia","convergens",1971-05-29,"United States","Illinois","Mercer","Hippodamia convergens"
"137","AUGIEENTA0000140","Hippodamia","convergens",1974-10-03,"United States","Illinois","Rock Island","Hippodamia convergens"
"138","AUGIEENTA0000141","Hippodamia","convergens",1974-10-17,"United States","Illinois","Rock Island","Hippodamia convergens"
"139","AUGIEENTA0000142","Hippodamia","convergens",1980-10-30,"United States","Illinois","Rock Island","Hippodamia convergens"
"140","AUGIEENTA0000143","Hippodamia","convergens",1970-10-03,"United States","Illinois","Rock Island","Hippodamia convergens"
"141","AUGIEENTA0000145","Hippodamia","convergens",1996-10-09,"United States","Illinois","Rock Island","Hippodamia convergens"
"142","AUGIEENTA0000146","Hippodamia","convergens",1970-09-25,"United States","Illinois","Rock Island","Hippodamia convergens"
"143","AUGIEENTA0000147","Hippodamia","convergens",1974-09-17,"United States","Illinois","Rock Island","Hippodamia convergens"
"144","AUGIEENTA0000148","Hippodamia","convergens",1976-09-18,"United States","Illinois","Rock Island","Hippodamia convergens"
"145","AUGIEENTA0000149","Coccinella","septempunctata",1988-11-03,"United States","Illinois","Rock Island","Coccinella septempunctata"
"146","AUGIEENTA0000150","Coccinella","septempunctata",1997-09-25,"United States","Illinois","Rock Island","Coccinella septempunctata"
"147","AUGIEENTA0000151","Coccinella","septempunctata",1986-10-07,"United States","Illinois","Rock Island","Coccinella septempunctata"
"148","AUGIEENTA0000152","Coccinella","septempunctata",1988-10-20,"United States","Illinois","Rock Island","Coccinella septempunctata"
"149","AUGIEENTA0000153","Coccinella","septempunctata",1988-11-03,"United States","Illinois","Rock Island","Coccinella septempunctata"
"150","AUGIEENTA0000154","Coccinella","septempunctata",2000-06-08,"United States","Illinois","Rock Island","Coccinella septempunctata"
"151","AUGIEENTA0000155","Coccinella","septempunctata",1986-10-15,"United States","Iowa","Scott","Coccinella septempunctata"
"152","AUGIEENTA0000156","Coccinella","septempunctata",1996-10-05,"United States","Illinois","Rock Island","Coccinella septempunctata"
"153","AUGIEENTA0000157","Coccinella","septempunctata",1986-09-20,"United States","Illinois","Cook","Coccinella septempunctata"
"154","AUGIEENTA0000158","Coccinella","septempunctata",1990-09-24,"United States","Illinois","Rock Island","Coccinella septempunctata"
"155","AUGIEENTA0000159","Coccinella","septempunctata",1995-10-10,"United States","Illinois","Rock Island","Coccinella septempunctata"
"156","AUGIEENTA0000160","Coccinella","septempunctata",1999-09-11,"United States","Illinois","Lee","Coccinella septempunctata"
"157","AUGIEENTA0000161","Coccinella","septempunctata",1986-10-30,"United States","Illinois","Rock Island","Coccinella septempunctata"
"158","AUGIEENTB0000024","Coleomegilla","maculata",2021-06-24,"United States","IA","Scott","Coleomegilla maculata"
"159","AUGIEENTB0000013","Coleomegilla","maculata",2021-06-23,"United States","IA","Scott","Coleomegilla maculata"
"160","AUGIEENTA0000162","Coccinella","septempunctata",1988-11-03,"United States","Illinois","Rock Island","Coccinella septempunctata"
"161","AUGIEENTA0000163","Coccinella","septempunctata",1986-10-07,"United States","Illinois","Rock Island","Coccinella septempunctata"
"162","AUGIEENTB0000012","Coleomegilla","maculata",2021-06-17,"United States","IA","Scott","Coleomegilla maculata"
"163","AUGIEENTA0000164","Coccinella","septempunctata",1986-10-02,"United States","Illinois","Rock Island","Coccinella septempunctata"
"164","AUGIEENTA0000165","Coccinella","septempunctata",1996-10-13,"United States","Illinois","Rock Island","Coccinella septempunctata"
"165","AUGIEENTA0000166","Coccinella","septempunctata",1986-09-23,"United States","Illinois","Rock Island","Coccinella septempunctata"
"166","AUGIEENTB0000011","Coleomegilla","maculata",2021-06-24,"United States","IA","Scott","Coleomegilla maculata"
"167","AUGIEENTA0000167","Coccinella","septempunctata",1988-10-04,"United States","Illinois","Rock Island","Coccinella septempunctata"
"168","AUGIEENTB0000010","Coleomegilla","maculata",2021-06-24,"United States","IA","Scott","Coleomegilla maculata"
"169","AUGIEENTA0000168","Coccinella","septempunctata",1999-07-09,"United States","Illinois","Rock Island","Coccinella septempunctata"
"170","AUGIEENTA0000169","Coccinella","septempunctata",1992-09-24,"United States","Illinois","Rock Island","Coccinella septempunctata"
"171","AUGIEENTB0000001","Coleomegilla","maculata",2021-06-23,"United States","IA","Scott","Coleomegilla maculata"
"172","AUGIEENTA0000170","Coccinella","septempunctata",1997-07-09,"United States","Illinois","Rock Island","Coccinella septempunctata"
"173","AUGIEENTB0000017","Coleomegilla","maculata",2021-06-23,"United States","IA","Scott","Coleomegilla maculata"
"174","AUGIEENTA0000171","Coccinella","septempunctata",2018-09-13,"United States","Iowa","Scott","Coccinella septempunctata"
"175","AUGIEENTB0000016","Coleomegilla","maculata",2021-06-23,"United States","IA","Scott","Coleomegilla maculata"
"176","AUGIEENTB0000015","Coleomegilla","maculata",2021-06-23,"United States","IA","Scott","Coleomegilla maculata"
"177","AGUIEENTB0000002","Coleomegilla","maculata",2021-06-23,"United States","IA","Scott","Coleomegilla maculata"
"178","AUGIEENTB0000020","Coleomegilla","maculata",2021-06-23,"United States","IA","Scott","Coleomegilla maculata"
"179","AUGIEENTB0000025","Coleomegilla","maculata",2021-06-24,"United States","IA","Scott","Coleomegilla maculata"
"180","AUGIEENTB0000026","Coleomegilla","maculata",2021-06-24,"United States","IA","Scott","Coleomegilla maculata"
"181","AUGIEENTB0000008","Propylea","quatuordecimpunctata",2021-06-23,"United States","Iowa","Scott","Propylea quatuordecimpunctata"
"182","AUGIEENTB0000027","Coleomegilla","maculata",2021-06-24,"United States","IA","Scott","Coleomegilla maculata"
"183","AUGIEENTB0000019","Propylea","quatuordecimpunctata",2021-06-23,"United States","Iowa","Scott","Propylea quatuordecimpunctata"
"184","AUGIEENTB0000028","Coleomegilla","maculata",2021-06-24,"United States","IA","Scott","Coleomegilla maculata"
"185","AUGIEENTB0000014","Hippodamia","parenthesis",2021-06-23,"United States","Iowa","Scott","Hippodamia parenthesis"
"186","AUGIEENTB0000029","Coleomegilla","maculata",2021-06-24,"United States","IA","Scott","Coleomegilla maculata"
"187","AUGIEENTB0000004","Harmonia","axyridis",2021-06-24,"United States","Iowa","Scott","Harmonia axyridis"
"188","AUGIEENTB0000022","Harmonia","axyridis",2021-06-23,"United States","IA","Scott","Harmonia axyridis"
"189","AUGIEENTB0000006","Harmonia","axyridis",2021-06-24,"United States","Iowa","Scott","Harmonia axyridis"
"190","AUGIEENTB0000009","Harmonia","axyridis",2021-06-24,"United States","Iowa","Scott","Harmonia axyridis"
"191","AUGIEENTB0000023","Harmonia","axyridis",2021-06-24,"United States","Iowa","Scott","Harmonia axyridis"
"192","AUGIEENTB0000005","Harmonia","axyridis",2021-06-24,"United States","Iowa","Scott","Harmonia axyridis"
"193","AUGIEENTB0000003","Harmonia","axyridis",2021-06-24,"United States","Iowa","Scott","Harmonia axyridis"
"194","AUGIEENTB0000030","Coleomegilla","maculata",2021-07-06,"United States","Iowa","Scott","Coleomegilla maculata"
"195","AUGIEENTB0000031","Coleomegilla","maculata",2021-07-06,"United States","Iowa","Scott","Coleomegilla maculata"
"196","AUGIEENTB0000032","Coleomegilla","maculata",2021-07-06,"United States","Iowa","Scott","Coleomegilla maculata"
"197","AUGIEENTB0000033","Hippodamia","parenthesis",2021-07-06,"United States","Iowa","Scott","Hippodamia parenthesis"
"198","AUGIEENTB0000034","Coleomegilla","maculata",2021-07-06,"United States","Iowa","Scott","Coleomegilla maculata"
"199","AUGIEENTB0000035","Coleomegilla","maculata",2021-07-06,"United States","Iowa","Scott","Coleomegilla maculata"
"200","AUGIEENTB0000036","Hippodamia","convergens",2021-07-06,"United States","Iowa","Scott","Hippodamia convergens"
"201","AUGIEENTB0000037",NA,NA,2021-07-06,"United States","Iowa","Scott",NA
"202","AUGIEENTB0000038","Hippodamia","parenthesis",2021-07-06,"United States","Iowa","Scott","Hippodamia parenthesis"
"203","AUGIEENTB0000039","Coleomegilla","maculata",2021-07-06,"United States","Iowa","Scott","Coleomegilla maculata"
"204","AUGIEENTB0000040","Coleomegilla","maculata",2021-07-06,"United States","Iowa","Scott","Coleomegilla maculata"
"205","AUGIEENTB0000041","Coleomegilla","maculata",2021-07-06,"United States","Iowa","Scott","Coleomegilla maculata"
"206","AUGIEENTB0000041","Coleomegilla","maculata",2021-07-06,"United States","Iowa","Scott","Coleomegilla maculata"
"207","AUGIEENTB0000042","Coleomegilla","maculata",2021-07-06,"United States","Iowa","Scott","Coleomegilla maculata"
"208","AUGIEENTB0000043","Coleomegilla","maculata",2021-07-06,"United States","Iowa","Scott","Coleomegilla maculata"
"209","AUGIEENTB0000044","Coleomegilla","maculata",2021-07-06,"United States","Iowa","Scott","Coleomegilla maculata"
"210","AUGIEENTB0000045","Hippodamia","convergens",2021-07-06,"United States","Iowa","Scott","Hippodamia convergens"
"211","AUGIEENTB0000046","Harmonia","axyridis",2021-07-06,"United States","Iowa","Scott","Harmonia axyridis"
"212","AUGIEENTB0000047","Hippodamia","parenthesis",2021-07-06,"United States","Iowa","Scott","Hippodamia parenthesis"
"213","AUGIEENTB0000048","Hippodamia","parenthesis",2021-07-06,"United States","Iowa","Scott","Hippodamia parenthesis"
"214","AUGIEENTB0000049","Hippodamia","parenthesis",2021-07-06,"United States","Iowa","Scott","Hippodamia parenthesis"
"215","AUGIEENTB0000050","Hippodamia","parenthesis",2021-07-06,"United States","Iowa","Scott","Hippodamia parenthesis"
"216","AUGIEENTB0000051","Hippodamia","parenthesis",2021-07-06,"United States","Iowa","Scott","Hippodamia parenthesis"
"217","AUGIEENTB0000052","Hippodamia","parenthesis",2021-07-06,"United States","Iowa","Scott","Hippodamia parenthesis"
"218","AUGIEENTB0000053","Hippodamia","parenthesis",2021-07-06,"United States","Iowa","Scott","Hippodamia parenthesis"
"219","AUGIEENTB0000054","Coccinella","septempunctata",2021-07-06,"United States","Iowa","Scott","Coccinella septempunctata"
"220","AUGIEENTB0000055","Coleomegilla","maculata",2021-07-07,"United States","IA","Scott","Coleomegilla maculata"
"221","AUGIEENTB0000056","Coleomegilla","maculata",2021-07-07,"United States","IA","Scott","Coleomegilla maculata"
"222","AUGIEENTB0000057","Coleomegilla","maculata",2021-07-07,"United States","IA","Scott","Coleomegilla maculata"
"223","AUGIEENTB0000058","Cycloneda","munda",2021-07-06,"United States","IA","Scott","Cycloneda munda"
"224","AUGIEENTB0000059","Hippodamia","parenthesis",2021-07-06,"United States","IA","Scott","Hippodamia parenthesis"
"225","AUGIEENTB0000060","Hyperaspis","undulata",2021-07-06,"United States","IA","Scott","Hyperaspis undulata"
"226","AUGIEENTB0000061","Hyperaspis","undulata",2021-07-06,"United States","IA","Scott","Hyperaspis undulata"
"227","AUGIEENTB0000062","Coleomegilla","maculata",2021-07-07,"United States","IA","Scott","Coleomegilla maculata"
"228","AUGIEENTB0000063","Coleomegilla","maculata",2021-07-07,"United States","IA","Scott","Coleomegilla maculata"
"229","AUGIEENTB0000064","Coleomegilla","maculata",2021-07-07,"United States","IA","Scott","Coleomegilla maculata"
"230","AUGIEENTB0000071","Coleomegilla","maculata",2021-07-07,"United States","Iowa","Scott","Coleomegilla maculata"
"231","AUGIEENTB0000065","Coleomegilla","maculata",2021-07-07,"United States","IA","Scott","Coleomegilla maculata"
"232","AUGIEENTB0000072","Coleomegilla","maculata",2021-07-07,"United States","Iowa","Scott","Coleomegilla maculata"
"233","AUGIEENTB0000073","Coleomegilla","maculata",2021-07-07,"United States","Iowa","Scott","Coleomegilla maculata"
"234","AUGIEENTB0000066","Coleomegilla","maculata",2021-07-07,"United States","IA","Scott","Coleomegilla maculata"
"235","AUGIEENTB0000074","Coleomegilla","maculata",2021-07-07,"United States","Iowa","Scott","Coleomegilla maculata"
"236","AUGIEENTB0000075","Coleomegilla","maculata",2021-07-07,"United States","Iowa","Scott","Coleomegilla maculata"
"237","AUGIEENTB0000076","Hippodamia","parenthesis",2021-07-07,"United States","Iowa","Scott","Hippodamia parenthesis"
"238","AUGIEENTB0000067","Coccinella","septempunctata",2021-07-07,"United States","IA","Scott","Coccinella septempunctata"
"239","AUGIEENTB0000077","Hippodamia","parenthesis",2021-07-07,"United States","Iowa","Scott","Hippodamia parenthesis"
"240","AUGIEENTB0000078","Hippodamia","parenthesis",2021-07-07,"United States","Iowa","Scott","Hippodamia parenthesis"
"241","AUGIEENTB0000068","Coleomegilla","maculata",2021-07-07,"United States","IA","Scott","Coleomegilla maculata"
"242","AUGIEENTB0000079","Hippodamia","parenthesis",2021-07-07,"United States","Iowa","Scott","Hippodamia parenthesis"
"243","AUGIEENTB0000080","Hippodamia","parenthesis",2021-07-07,"United States","Iowa","Scott","Hippodamia parenthesis"
"244","AUGIEENTB0000069","Coleomegilla","maculata",2021-07-07,"United States","IA","Scott","Coleomegilla maculata"
"245","AUGIEENTB0000081","Hippodamia","convergens",2021-07-07,"United States","Iowa","Scott","Hippodamia convergens"
"246","AUGIEENTB0000082","Coleomegilla","maculata",2021-07-07,"United States","Iowa","Scott","Coleomegilla maculata"
"247","AUGIEENTB0000070","Cycloneda","munda",2021-07-07,"United States","IA","Scott","Cycloneda munda"
"248","AUGIEENTB0000083","Hippodamia","parenthesis",2021-07-07,"United States","Iowa","Scott","Hippodamia parenthesis"
"249","AUGIEENTB0000090","Cycloneda","munda",2021-07-07,"United States","IA","Scott","Cycloneda munda"
"250","AUGIEENTB0000084","Cycloneda","munda",2021-07-07,"United States","Iowa","Scott","Cycloneda munda"
"251","AUGIEENTB0000085","Coleomegilla","maculata",2021-07-07,"United States","Iowa","Scott","Coleomegilla maculata"
"252","AUGIEENTB0000091","Cycloneda","munda",2021-07-07,"United States","IA","Scott","Cycloneda munda"
"253","AUGIEENTB0000086","Propylea","quatuordecimpunctata",2021-07-07,"United States","Iowa","Scott","Propylea quatuordecimpunctata"
"254","AUGIEENTB0000092","Cycloneda","munda",2021-07-07,"United States","IA","Scott","Cycloneda munda"
"255","AUGIEENTB0000087","Cycloneda","munda",2021-07-07,"United States","Iowa","Scott","Cycloneda munda"
"256","AUGIEENTB0000093","Coleomegilla","maculata",2021-07-07,"United States","IA","Scott","Coleomegilla maculata"
"257","AUGIEENTB0000088","Harmonia","axyridis",2021-07-07,"United States","Iowa","Scott","Harmonia axyridis"
"258","AUGIEENTB0000094","Coleomegilla","maculata",2021-07-07,"United States","IA","Scott","Coleomegilla maculata"
"259","AUGIEENTB0000089","Coleomegilla","maculata",2021-07-07,"United States","Iowa","Scott","Coleomegilla maculata"
"260","AUGIEENTB0000096","Coleomegilla","maculata",2021-07-07,"United States","Iowa","Scott","Coleomegilla maculata"
"261","AUGIEENTB0000095","Coleomegilla","maculata",2021-07-07,"United States","IA","Scott","Coleomegilla maculata"
"262","AUGIEENTB0000097","Coleomegilla","maculata",2021-07-07,"United States","Iowa","Scott","Coleomegilla maculata"
"263","AUGIEENTB0000106","Coleomegilla","maculata",2021-07-07,"United States","IA","Scott","Coleomegilla maculata"
"264","AUGIEENTB0000107","Cycloneda","munda",2021-07-07,"United States","IA","Scott","Cycloneda munda"
"265","AUGIEENTB0000098","Coleomegilla","maculata",2021-07-07,"United States","Iowa","Scott","Coleomegilla maculata"
"266","AUGIEENTB0000099","Coleomegilla","maculata",2021-07-07,"United States","Iowa","Scott","Coleomegilla maculata"
"267","AUGIEENTB0000108","Cycloneda","munda",2021-07-07,"United States","IA","Scott","Cycloneda munda"
"268","AUGIEENTB0000100","Coleomegilla","maculata",2021-07-07,"United States","Iowa","Scott","Coleomegilla maculata"
"269","AUGIEENTB0000101","Coleomegilla","maculata",2021-07-07,"United States","Iowa","Scott","Coleomegilla maculata"
"270","AUGIEENTB0000109","Coleomegilla","maculata",2021-07-07,"United States","IA","Scott","Coleomegilla maculata"
"271","AUGIEENTB0000102","Cycloneda","munda",2021-07-07,"United States","Iowa","Scott","Cycloneda munda"
"272","AUGIEENTB0000110","Coleomegilla","maculata",2021-07-07,"United States","IA","Scott","Coleomegilla maculata"
"273","AUGIEENTB0000104","Coleomegilla","maculata",2021-07-07,"United States","Iowa","Scott","Coleomegilla maculata"
"274","AUGIEENTB0000111","Coleomegilla","maculata",2021-07-07,"United States","IA","Scott","Coleomegilla maculata"
"275","AUGIEENTB0000105","Psyllobora","vigintimaculata",2021-07-07,"United States","Iowa","Scott","Psyllobora vigintimaculata"
"276","AUGIEENTB0000112","Coleomegilla","maculata",2021-07-07,"United States","IA","Scott","Coleomegilla maculata"
"277","AUGIEENTB0000113","Cycloneda","munda",2021-07-07,"United States","Ia","Scott","Cycloneda munda"
"278","AUGIEENTB0000114","Coleomegilla","maculata",2021-07-07,"United States","IA","Scott","Coleomegilla maculata"
"279","AUGIEENTB0000115","Hippodamia","variegata",2021-07-07,"United States","Iowa","Scott","Hippodamia variegata"
"280","AUGIEENTB0000116","Coleomegilla","maculata",2021-07-07,"United States","Iowa","Scott","Coleomegilla maculata"
"281","AUGIEENTB0000117","Hippodamia","variegata",2021-07-07,"United States","Iowa","Scott","Hippodamia variegata"
"282","AUGIEENTB0000118","Coleomegilla","maculata",2021-07-08,"United States","IL","Rock Island","Coleomegilla maculata"
"283","AUGIEENTB0000119","Coleomegilla","maculata",2021-07-08,"United States","IL","Rock Island","Coleomegilla maculata"
"284","AUGIEENTB0000120","Coleomegilla","maculata",2021-07-08,"United States","IL","Rock Island","Coleomegilla maculata"
"285","AUGIEENTB0000121","Coleomegilla","maculata",2021-07-08,"United States","IL","Rock Island","Coleomegilla maculata"
"286","AUGIEENTB0000122","Coleomegilla","maculata",2021-07-08,"United States","IL","Rock Island","Coleomegilla maculata"
"287","AUGIEENTB0000123","Coleomegilla","maculata",2021-07-08,"United States","IL","Rock Island","Coleomegilla maculata"
"288","AUGIEENTB0000124","Cycloneda","munda",2021-07-08,"United States","IL","Rock Island","Cycloneda munda"
"289","AUGIEENTB0000125","Coleomegilla","maculata",2021-07-08,"United States","IL","Rock Island","Coleomegilla maculata"
"290","AUGIEENTB0000126","Coleomegilla","maculata",2021-07-08,"United States","IL","Rock Island","Coleomegilla maculata"
"291","AUGIEENTB0000127","Propylea","quatuordecimpunctata",2021-07-08,"United States","IL","Rock Island","Propylea quatuordecimpunctata"
"292","AUGIEENTB0000129","Coleomegilla","maculata",2021-07-08,"United States","IL","Rock Island","Coleomegilla maculata"
"293","AUGIEENTB0000130","Coleomegilla","maculata",2021-07-08,"United States","IL","Rock Island","Coleomegilla maculata"
"294","AUGIEENTB0000131","Coleomegilla","maculata",2021-07-08,"United States","IL","Rock Island","Coleomegilla maculata"
"295","AUGIEENTB0000132","Coleomegilla","maculata",2021-07-08,"United States","IL","Rock Island","Coleomegilla maculata"
"296","AUGIEENTB0000133","Coleomegilla","maculata",2021-07-08,"United States","IL","Rock Island","Coleomegilla maculata"
"297","AUGIEENTB0000134","Harmonia","axyridis",2021-07-08,"United States","IL","Rock Island","Harmonia axyridis"
"298","AUGIEENTB0000135","Hippodamia","parenthesis",2021-07-08,"United States","IL","Rock Island","Hippodamia parenthesis"
"299","AUGIEENTB0000136","Cycloneda","munda",2021-07-08,"United States","IL","Rock Island","Cycloneda munda"
"300","AUGIEENTB0000137","Cycloneda","munda",2021-07-08,"United States","IL","Rock Island","Cycloneda munda"
"301","Cycloneda munda	AUGIEENTB0000141","Chilocorus","stigma",2021-07-08,"United States","IL","Rock Island","Chilocorus stigma"
"302","AUGIEENTB0000139","Brachiacantha","ursina",2021-07-08,"United States","IL","Rock Island","Brachiacantha ursina"
"303","AUGIEENTB0000140","Psyllobora","vigintimaculata",2021-07-08,"United States","IL","Rock Island","Psyllobora vigintimaculata"
"304","AUGIEENTB0000141","Chilocorus","stigma",2021-07-08,"United States","IL","Rock Island","Chilocorus stigma"
"305","AUGIEENTB0000142","Hippodamia","parenthesis",2021-07-19,"United States","Iowa","Scott","Hippodamia parenthesis"
"306","AUGIEENTB0000143","Hippodamia","parenthesis",2021-07-19,"United States","Iowa","Scott","Hippodamia parenthesis"
"307","AUGIEENTB0000144","Hippodamia","parenthesis",2021-07-19,"United States","Iowa","Scott","Hippodamia parenthesis"
"308","AUGIEENTB0000145","Coleomegilla","maculata",2021-07-19,"United States","Iowa","Scott","Coleomegilla maculata"
"309","AUGIEENTB0000146","Hippodamia","parenthesis",2021-07-19,"United States","Iowa","Scott","Hippodamia parenthesis"
"310","AUGIEENTB0000147","Coccinella","septempunctata",2021-07-19,"United States","Iowa","Scott","Coccinella septempunctata"
"311","AUGIEENTB0000148","Coccinella","septempunctata",2021-07-19,"United States","Iowa","Scott","Coccinella septempunctata"
"312","AUGIEENTB0000149","Coleomegilla","maculata",2021-07-19,"United States","Iowa","Scott","Coleomegilla maculata"
"313","AUGIEENTB0000150","Coleomegilla","maculata",2021-07-19,"United States","Iowa","Scott","Coleomegilla maculata"
"314","AUGIEENTB0000151","Coleomegilla","maculata",2021-07-19,"United States","Iowa","Scott","Coleomegilla maculata"
"315","AUGIEENTB0000176","Coleomegilla","maculata",2021-07-19,"United States","IA","Scott","Coleomegilla maculata"
"316","AUGIEENTB0000152","Coleomegilla","maculata",2021-07-19,"United States","Iowa","Scott","Coleomegilla maculata"
"317","AUGIEENTB0000153","Coleomegilla","maculata",2021-07-19,"United States","Iowa","Scott","Coleomegilla maculata"
"318","AUGIEENTB0000177","Coleomegilla","maculata",2021-07-19,"United States","IA","Scott","Coleomegilla maculata"
"319","AUGIEENTB0000154","Coleomegilla","maculata",2021-07-19,"United States","Iowa","Scott","Coleomegilla maculata"
"320","AUGIEENTB0000178","Coleomegilla","maculata",2021-07-19,"United States","IA","Scott","Coleomegilla maculata"
"321","AUGIEENTB0000155","Hippodamia","variegata",2021-07-19,"United States","Iowa","Scott","Hippodamia variegata"
"322","AUGIEENTB0000156","Hippodamia","parenthesis",2021-07-19,"United States","Iowa","Scott","Hippodamia parenthesis"
"323","AUGIEENTB0000157","Hippodamia","parenthesis",2021-07-19,"United States","Iowa","Scott","Hippodamia parenthesis"
"324","AUGIEENTB0000158","Cycloneda","munda",2021-07-19,"United States","Iowa","Scott","Cycloneda munda"
"325","AUGIEENTB0000179","Coleomegilla","maculata",2021-07-19,"United States","IA","Scott","Coleomegilla maculata"
"326","AUGIEENTB0000159","Harmonia","axyridis",2021-07-20,"United States","Illinois","Rock Island","Harmonia axyridis"
"327","AUGIEENTB0000180","Cycloneda","munda",2021-07-19,"United States","IA","Scott","Cycloneda munda"
"328","AUGIEENTB0000181","Harmonia","axyridis",2021-07-19,"United States","IA","Scott","Harmonia axyridis"
"329","AUGIEENTB0000160","Harmonia","axyridis",2021-07-20,"United States","Illinois","Rock Island","Harmonia axyridis"
"330","AUGIEENTB0000161","Harmonia","axyridis",2021-07-20,"United States","Illinois","Rock Island","Harmonia axyridis"
"331","AUGIEENTB0000182","Harmonia","axyridis",2021-07-20,"United States","IL","Rock Island","Harmonia axyridis"
"332","AUGIEENTB0000162","Harmonia","axyridis",2021-07-20,"United States","IL","Rock Island","Harmonia axyridis"
"333","AUGIEENTB0000163","Harmonia","axyridis",2021-07-20,"United States","IL","Rock Island","Harmonia axyridis"
"334","AUGIEENTB0000164","Harmonia","axyridis",2021-07-20,"United States","IL","Rock Island","Harmonia axyridis"
"335","AUGIEENTB0000165","Harmonia","axyridis",2021-07-19,"United States","Iowa","Scott","Harmonia axyridis"
"336","AUGIEENTB0000166","Harmonia","axyridis",2021-07-19,"United States","Iowa","Scott","Harmonia axyridis"
"337","AUGIEENTB0000167","Harmonia","axyridis",2021-07-19,"United States","Iowa","Scott","Harmonia axyridis"
"338","AUGIEENTB0000168","Propylea","quatuordecimpunctata",2021-07-19,"United States","Iowa","Scott","Propylea quatuordecimpunctata"
"339","AUGIEENTB0000169","Coleomegilla","maculata",2021-07-19,"United States","Iowa","Scott","Coleomegilla maculata"
"340","AUGIEENTB0000170","Harmonia","axyridis",2021-07-19,"United States","Iowa","Scott","Harmonia axyridis"
"341","AUGIEENTB0000171","Harmonia","axyridis",2021-07-19,"United States","Iowa","Scott","Harmonia axyridis"
"342","AUGIEENTB0000172","Harmonia","axyridis",2021-07-19,"United States","Iowa","Scott","Harmonia axyridis"
"343","AUGIEENTB0000173","Harmonia","axyridis",2021-07-19,"United States","Iowa","Scott","Harmonia axyridis"
"344","AUGIEENTB0000174","Cycloneda","munda",2021-07-19,"United States","Iowa","Scott","Cycloneda munda"
"345","AUGIEENTB0000175","Hippodamia","convergens",2021-07-19,"United States","Iowa","Scott","Hippodamia convergens"
"346","AUGIEENTB0000183","Coccinella","septempunctata",2021-07-19,"United States","Iowa","Scott","Coccinella septempunctata"
"347","AUGIEENTB0000184","Coleomegilla","maculata",2021-07-19,"United States","Iowa","Scott","Coleomegilla maculata"
"348","AUGIEENTB0000185","Chilocorus","stigma",2021-07-19,"United States","Iowa","Scott","Chilocorus stigma"
"349","AUGIEENTB0000186","Coleomegilla","maculata",2021-07-19,"United States","Iowa","Scott","Coleomegilla maculata"
"350","AUGIEENTB0000187","Cycloneda","munda",2021-07-20,"United States","Illinois","Rock Island","Cycloneda munda"
"351","AUGIEENTB0000188","Cycloneda","munda",2021-07-20,"United States","Illinois","Rock Island","Cycloneda munda"
"352","AUGIEENTB0000189","Propylea","quatuordecimpunctata",2021-07-20,"United States","Illinois","Rock Island","Propylea quatuordecimpunctata"
"353","AUGIEENTB0000190","Brachiacantha","ursina",2021-07-19,"United States","Iowa","Scott","Brachiacantha ursina"
"354","AUGIEENTB0000191","Brachiacantha","ursina",2021-07-20,"United States","Iowa","Scott","Brachiacantha ursina"
"355","AUGIEENTB0000192","Harmonia","axyridis",2021-07-21,"United States","Iowa","Scott","Harmonia axyridis"
"356","AUGIEENTB0000193","Harmonia","axyridis",2021-07-21,"United States","Iowa","Scott","Harmonia axyridis"
"357","AUGIEENTB0000194","Harmonia","axyridis",2021-07-21,"United States","Iowa","Scott","Harmonia axyridis"
"358","AUGIEENTB0000195","Harmonia","axyridis",2021-07-21,"United States","Iowa","Scott","Harmonia axyridis"
"359","AUGIEENTB0000196","Harmonia","axyridis",2021-07-21,"United States","Iowa","Scott","Harmonia axyridis"
"360","AUGIEENTB0000197","Harmonia","axyridis",2021-07-21,"United States","Iowa","Scott","Harmonia axyridis"
"361","AUGIEENTB0000198","Harmonia","axyridis",2021-07-21,"United States","Iowa","Scott","Harmonia axyridis"
"362","AUGIEENTB0000199","Harmonia","axyridis",2021-07-21,"United States","Iowa","Scott","Harmonia axyridis"
"363","AUGIEENTB0000200","Harmonia","axyridis",2021-07-21,"United States","Iowa","Scott","Harmonia axyridis"
"364","AUGIEENTB0000201","Harmonia","axyridis",2021-07-21,"United States","Iowa","Scott","Harmonia axyridis"
"365","AUGIEENTB0000202","Harmonia","axyridis",2021-07-21,"United States","Iowa","Scott","Harmonia axyridis"
"366","AUGIEENTB0000203","Harmonia","axyridis",2021-07-21,"United States","Iowa","Scott","Harmonia axyridis"
"367","AUGIEENTB0000204","Harmonia","axyridis",2021-07-21,"United States","Iowa","Scott","Harmonia axyridis"
"368","AUGIEENTB0000205","Harmonia","axyridis",2021-07-21,"United States","Iowa","Scott","Harmonia axyridis"
"369","AUGIEENTB0000206","Harmonia","axyridis",2021-07-21,"United States","Iowa","Scott","Harmonia axyridis"
"370","AUGIEENTB0000207","Harmonia","axyridis",2021-07-21,"United States","Iowa","Scott","Harmonia axyridis"
"371","AUGIEENTB0000208","Harmonia","axyridis",2021-07-21,"United States","Iowa","Scott","Harmonia axyridis"
"372","AUGIEENTB0000209","Coccinella","septempunctata",2021-07-21,"United States","Iowa","Scott","Coccinella septempunctata"
"373","AUGIEENTB0000210","Coccinella","septempunctata",2021-07-21,"United States","Iowa","Scott","Coccinella septempunctata"
"374","AUGIEENTB0000211","Coccinella","septempunctata",2021-07-21,"United States","Iowa","Scott","Coccinella septempunctata"
"375","AUGIEENTB0000212","Coccinella","septempunctata",2021-07-21,"United States","Iowa","Scott","Coccinella septempunctata"
"376","AUGIEENTB0000213","Cycloneda","munda",2021-07-21,"United States","Iowa","Scott","Cycloneda munda"
"377","AUGIEENTB0000214","Hippodamia","parenthesis",2021-07-21,"United States","Illinois","Rock Island","Hippodamia parenthesis"
"378","AUGIEENTB0000215","Propylea","quatuordecimpunctata",2021-07-21,"United States","Iowa","Scott","Propylea quatuordecimpunctata"
"379","AUGIEENTB0000216","Hippodamia","parenthesis",2021-07-21,"United States","Iowa","Scott","Hippodamia parenthesis"
"380","AUGIEENTB0000217","Cycloneda","munda",2021-07-21,"United States","Iowa","Scott","Cycloneda munda"
"381","AUGIEENTB0000218","Psyllobora","vigintimaculata",2021-07-21,"United States","Illinois","Rock Island","Psyllobora vigintimaculata"
"382","AUGIEENTB0000219","Cycloneda","munda",2021-07-21,"United States","Illinois","Rock Island","Cycloneda munda"
"383","AUGIEENTB0000220","Harmonia","axyridis",2021-07-21,"United States","Illinois","Rock Island","Harmonia axyridis"
"384","AUGIEENTB0000221","Coleomegilla","maculata",2021-07-21,"United States","Iowa","Scott","Coleomegilla maculata"
"385","AUGIEENTB0000222","Coleomegilla","maculata",2021-07-21,"United States","Iowa","Scott","Coleomegilla maculata"
"386","AUGIEENTB0000223","Coleomegilla","maculata",2021-07-21,"United States","Iowa","Scott","Coleomegilla maculata"
"387","AUGIEENTB0000224","Coleomegilla","maculata",2021-07-21,"United States","Iowa","Scott","Coleomegilla maculata"
"388","AUGIEENTB0000225","Coleomegilla","maculata",2021-07-21,"United States","Iowa","Scott","Coleomegilla maculata"
"389","AUGIEENTB0000226","Coleomegilla","maculata",2021-07-21,"United States","Iowa","Scott","Coleomegilla maculata"
"390","AUGIEENTB0000227","Coleomegilla","maculata",2021-07-21,"United States","Iowa","Scott","Coleomegilla maculata"
"391","AUGIEENTB0000228","Coleomegilla","maculata",2021-07-21,"United States","Iowa","Scott","Coleomegilla maculata"
"392","AUGIEENTB0000229","Coleomegilla","maculata",2021-07-21,"United States","Iowa","Scott","Coleomegilla maculata"
"393","AUGIEENTB0000232","Coleomegilla","maculata",2021-07-21,"United States","Illinois","Rock Island","Coleomegilla maculata"
"394","AUGIEENTB0000231","Harmonia","axyridis",2021-07-21,"United States","Illinois","Rock Island","Harmonia axyridis"
"395","AUGIEENTB0000233","Brachiacantha","ursina",2021-07-19,"United States","Iowa","Scott","Brachiacantha ursina"
"396","AUGIEENTB0000249","Harmonia","axyridis",2021-08-03,"United States","IA","Scott","Harmonia axyridis"
"397","AUGIEENTB0000250","Coleomegilla","maculata",2021-08-03,"United States","IA","Scott","Coleomegilla maculata"
"398","AUGIEENTB0000251","Cycloneda","munda",2021-08-03,"United States","Iowa","Scott","Cycloneda munda"
"399","AUGIEENTB0000252","Cycloneda","munda",2021-08-03,"United States","IA","Scott","Cycloneda munda"
"400","AUGIEENTB0000253","Harmonia","axyridis",2021-08-03,"United States","IA","Scott","Harmonia axyridis"
"401","AUGIEENTB0000254","Chilocorus","stigma",2021-08-03,"United States","IA","Scott","Chilocorus stigma"
"402","AUGIEENTB0000246","Coccinella","septempunctata",2021-08-03,"United States","Iowa","Scott","Coccinella septempunctata"
"403","AUGIEENTB0000255","Cycloneda","munda",2021-08-03,"United States","IA","Scott","Cycloneda munda"
"404","AUGIEENTB0000247","Coccinella","septempunctata",2021-08-03,"United States","Iowa","Scott","Coccinella septempunctata"
"405","AUGIEENTB0000248","Harmonia","axyridis",2021-08-03,"United States","Iowa","Scott","Harmonia axyridis"
"406","AUGIEENTB0000236","Harmonia","axyridis",2021-08-03,"United States","Iowa","Scott","Harmonia axyridis"
"407","AUGIEENTB0000237","Harmonia","axyridis",2021-08-03,"United States","Iowa","Scott","Harmonia axyridis"
"408","AUGIEENTB0000238","Harmonia","axyridis",2021-08-03,"United States","Iowa","Scott","Harmonia axyridis"
"409","AUGIEENTB0000239","Harmonia","axyridis",2021-08-03,"United States","Iowa","Scott","Harmonia axyridis"
"410","AUGIEENTB0000256","Coleomegilla","maculata",2021-08-03,"United States","IA","Scott","Coleomegilla maculata"
"411","AUGIEENTB0000240","Cycloneda","munda",2021-08-03,"United States","Iowa","Scott","Cycloneda munda"
"412","AUGIEENTB000257","Hippodamia","convergens",2021-08-03,"United States","IA","Scott","Hippodamia convergens"
"413","AUGIEENTB0000241","Coccinella","septempunctata",2021-08-03,"United States","Iowa","Scott","Coccinella septempunctata"
"414","AUGIEENTB0000242","Harmonia","axyridis",2021-08-03,"United States","Iowa","Scott","Harmonia axyridis"
"415","AUGIEENTB0000243","Harmonia","axyridis",2021-08-03,"United States","Iowa","Scott","Harmonia axyridis"
"416","AUGIEENTB0000244","Hippodamia","parenthesis",2021-08-03,"United States","Iowa","Scott","Hippodamia parenthesis"
"417","AUGIEENTB0000258","Harmonia","axyridis",2021-08-03,"United States","Iowa","Scott","Harmonia axyridis"
"418","AUGIEENTB0000245","Propylea","quatuordecimpunctata",2021-08-03,"United States","Iowa","Scott","Propylea quatuordecimpunctata"
"419","AUGIEENTB0000259","Coleomegilla","maculata",2021-08-03,"United States","Iowa","Scott","Coleomegilla maculata"
"420","AUGIEENTB0000269","Harmonia","axyridis",2021-08-03,"United States","Iowa","Scott","Harmonia axyridis"
"421","AUGIEENTB0000260","Propylea","quatuordecimpunctata",2021-08-03,"United States","Iowa","Scott","Propylea quatuordecimpunctata"
"422","AUGIEENTB0000270","Brachiacantha","ursina",2021-08-03,"United States","Iowa","Scott","Brachiacantha ursina"
"423","AUGIEENTB0000271","Brachiacantha","ursina",2021-08-03,"United States","Iowa","Scott","Brachiacantha ursina"
"424","AUGIEENTB0000235","Brachiacantha","ursina",2021-08-03,"United States","Iowa","Scott","Brachiacantha ursina"
"425","AUGIEENTB0000261","Brachiacantha","ursina",2021-08-03,"United States","Iowa","Scott","Brachiacantha ursina"
"426","AUGIEENTB0000262","Brachiacantha","ursina",2021-08-03,"United States","Iowa","Scott","Brachiacantha ursina"
"427","AUGIEENTB0000262",NA,NA,2021-08-03,"United States","Iowa","Scott",NA
"428","AUGIEENTB0000263","Brachiacantha","ursina",2021-08-03,"United States","Iowa","Scott","Brachiacantha ursina"
"429","AUGIEENTB0000264","Brachiacantha","ursina",2021-08-03,"United States","Iowa","Scott","Brachiacantha ursina"
"430","AUGIEENTB0000265","Brachiacantha","ursina",2021-08-03,"United States","Iowa","Scott","Brachiacantha ursina"
"431","AUGIEENTB0000266","Brachiacantha","ursina",2021-08-03,"United States","Iowa","Scott","Brachiacantha ursina"
"432","AUGIEENTB0000267","Brachiacantha","ursina",2021-08-03,"United States","Iowa","Scott","Brachiacantha ursina"
"433","AUGIEENTB0000268","Brachiacantha","ursina",2021-08-03,"United States","Iowa","Scott","Brachiacantha ursina"
"434","AUGIEENTB0000281","Brachiacantha","ursina",2021-08-03,"United States","Iowa","Scott","Brachiacantha ursina"
"435","AUGIEENTB0000282","Brachiacantha","ursina",2021-08-03,"United States","Iowa","Scott","Brachiacantha ursina"
"436","AUGIEENTB0000283","Brachiacantha","ursina",2021-08-03,"United States","Iowa","Scott","Brachiacantha ursina"
"437","AUGIEENTB0000284","Brachiacantha","ursina",2021-08-03,"United States","Iowa","Scott","Brachiacantha ursina"
"438","AUGIEENTB0000272","Coleomegilla","maculata",2021-08-03,"United States","IA","Scott","Coleomegilla maculata"
"439","AUGIEENTB0000273","Coleomegilla","maculata",2021-08-03,"United States","IA","Scott","Coleomegilla maculata"
"440","AUGIEENTB0000274","Coleomegilla","maculata",2021-08-03,"United States","IA","Scott","Coleomegilla maculata"
"441","AUGIEENTB0000285","Coleomegilla","maculata",2021-08-03,"United States","Iowa","Scott","Coleomegilla maculata"
"442","AUGIEENTB0000275","Hippodamia","variegata",2021-08-03,"United States","IA","Scott","Hippodamia variegata"
"443","AUGIEENTB0000286","Coleomegilla","maculata",2021-08-03,"United States","Iowa","Scott","Coleomegilla maculata"
"444","AUGIEENTB0000276","Hippodamia","convergens",2021-08-03,"United States","IA","Scott","Hippodamia convergens"
"445","AUGIEENTB0000287","Coleomegilla","maculata",2021-08-03,"United States","Iowa","Scott","Coleomegilla maculata"
"446","AUGIEENTB0000288","Coleomegilla","maculata",2021-08-03,"United States","Iowa","Scott","Coleomegilla maculata"
"447","AUGIEENTB0000289","Coleomegilla","maculata",2021-08-03,"United States","Iowa","Scott","Coleomegilla maculata"
"448","AUGIEENTB0000290","Harmonia","axyridis",2021-08-03,"United States","Iowa","Scott","Harmonia axyridis"
"449","AUGIEENTB0000291","Harmonia","axyridis",2021-08-03,"United States","Iowa","Scott","Harmonia axyridis"
"450","AUGIEENTB0000292","Coleomegilla","maculata",2021-08-03,"United States","Iowa","Scott","Coleomegilla maculata"
"451","AUGIEENTB0000296","Harmonia","axyridis",2021-08-03,"United States","Iowa","Scott","Harmonia axyridis"
"452","AUGIEENTB0000297","Harmonia","axyridis",2021-08-03,"United States","Iowa","Scott","Harmonia axyridis"
"453","AUGIEENTB0000277","Hippodamia","parenthesis",2021-08-03,"United States","IA","Scott","Hippodamia parenthesis"
"454","AUGIEENTB0000298","Coleomegilla","maculata",2021-08-03,"United States","Iowa","Scott","Coleomegilla maculata"
"455","AUGIEENTB0000278","Hippodamia","variegata",2021-08-03,"United States","IA","Scott","Hippodamia variegata"
"456","AUGIEENTB0000299","Harmonia","axyridis",2021-08-03,"United States","Iowa","Scott","Harmonia axyridis"
"457","AUGIEENTB0000279","Hippodamia","parenthesis",2021-08-03,"United States","IA","Scott","Hippodamia parenthesis"
"458","AUGIEENTB0000300","Harmonia","axyridis",2021-08-03,"United States","Iowa","Scott","Harmonia axyridis"
"459","AUGIEENTB0000280","Hippodamia","variegata",2021-08-03,"United States","IA","Scott","Hippodamia variegata"
"460","AUGIEENTB0000301","Harmonia","axyridis",2021-08-03,"United States","Iowa","Scott","Harmonia axyridis"
"461","AUGIEENTB0000293","Hippodamia","variegata",2021-08-03,"United States","IA","Scott","Hippodamia variegata"
"462","AUGIEENTB0000302","Harmonia","axyridis",2021-08-03,"United States","Iowa","Scott","Harmonia axyridis"
"463","AUGIEENTB0000294","Propylea","quatuordecimpunctata",2021-08-03,"United States","IA","Scott","Propylea quatuordecimpunctata"
"464","AUGIEENTB0000303","Propylea","quatuordecimpunctata",2021-08-03,"United States","Iowa","Scott","Propylea quatuordecimpunctata"
"465","AUGIEENTB0000295","Propylea","quatuordecimpunctata",2021-08-03,"United States","IA","Scott","Propylea quatuordecimpunctata"
"466","AUGIEENTB0000304","Coleomegilla","maculata",2021-08-03,"United States","Iowa","Scott","Coleomegilla maculata"
"467","AUGIEENTB0000305","Cycloneda","munda",2021-08-03,"United States","Iowa","Scott","Cycloneda munda"
"468","AUGIEENTB0000306","Harmonia","axyridis",2021-08-04,"United States","Illinois","Rock Island","Harmonia axyridis"
"469","AUGIEENTB0000307","Harmonia","axyridis",2021-08-04,"United States","Illinois","Rock Island","Harmonia axyridis"
"470","AUGIEENTB0000308","Harmonia","axyridis",2021-08-04,"United States","Illinois","Rock Island","Harmonia axyridis"
"471","AUGIEENTB0000309","Harmonia","axyridis",2021-08-04,"United States","Illinois","Rock Island","Harmonia axyridis"
"472","AUGIEENTB0000310","Psyllobora","vigintimaculata",2021-08-04,"United States","Illinois","Rock Island","Psyllobora vigintimaculata"
"473","AUGIEENTB0000311","Psyllobora","vigintimaculata",2021-08-04,"United States","Illinois","Rock Island","Psyllobora vigintimaculata"
"474","AUGIEENTB0000312","Psyllobora","vigintimaculata",2021-08-04,"United States","Illinois","Rock Island","Psyllobora vigintimaculata"
"475","AUGIEENTB0000313","Propylea","quatuordecimpunctata",2021-08-04,"United States","Illinois","Rock Island","Propylea quatuordecimpunctata"
"476","AUGIEENTB0000314","Psyllobora","vigintimaculata",2021-08-04,"United States","Illinois","Rock Island","Psyllobora vigintimaculata"
"477","AUGIEENTB0000315","Cycloneda","munda",2021-08-04,"United States","Illinois","Rock Island","Cycloneda munda"
"478","AUGIEENTB0000316","Cycloneda","munda",2021-08-04,"United States","Illinois","Rock Island","Cycloneda munda"
"479","AUGIEENTB0000318","Harmonia","axyridis",2021-08-05,"United States","Illinois","Rock Island","Harmonia axyridis"
"480","AUGIEENTB0000319","Harmonia","axyridis",2021-08-05,"United States","Illinois","Rock Island","Harmonia axyridis"
"481","AUGIEENTB0000320","Cycloneda","munda",2021-08-05,"United States","Illinois","Rock Island","Cycloneda munda"
"482","AUGIEENTB0000321","Cycloneda","munda",2021-08-05,"United States","Illinois","Rock Island","Cycloneda munda"
"483","AUGIEENTB0000322","Cycloneda","munda",2021-08-05,"United States","Illinois","Rock Island","Cycloneda munda"
"484","AUGIEENTB0000323","Cycloneda","munda",2021-08-05,"United States","Illinois","Rock Island","Cycloneda munda"
"485","AUGIEENTB0000324","Cycloneda","munda",2021-08-05,"United States","Illinois","Rock Island","Cycloneda munda"
"486","AUGIEENTB0000325","Harmonia","axyridis",2021-08-05,"United States","Illinois","Rock Island","Harmonia axyridis"
"487","AUGIEENTB0000326",NA,NA,2021-08-05,"United States","Illinois","Rock Island",NA
"488","AUGIEENTB0000327","Harmonia","axyridis",2021-08-05,"United States","Illinois","Rock Island","Harmonia axyridis"
"489","AUGIEENTB0000328","Harmonia","axyridis",2021-08-05,"United States","Illinois","Rock Island","Harmonia axyridis"
"490","AUGIEENTB0000329","Harmonia","axyridis",2021-08-05,"United States","Illinois","Rock Island","Harmonia axyridis"
"491","AUGIEENTB0000330","Harmonia","axyridis",2021-08-05,"United States","Illinois","Rock Island","Harmonia axyridis"
"492","AUGIEENTB0000331","Harmonia","axyridis",2021-08-05,"United States","Illinois","Rock Island","Harmonia axyridis"
"493","AUGIEENTB0000332","Harmonia","axyridis",2021-08-05,"United States","Illinois","Rock Island","Harmonia axyridis"
"494","AUGIEENTB0000333","Harmonia","axyridis",2021-08-05,"United States","Illinois","Rock Island","Harmonia axyridis"
"495","AUGIEENTB0000344","Coleomegilla","maculata",2021-08-04,"United States","Illinois","Rock Island","Coleomegilla maculata"
"496","AUGIEENTB0000334","Harmonia","axyridis",2021-08-05,"United States","Illinois","Rock Island","Harmonia axyridis"
"497","AUGIEENTB0000345","Harmonia","axyridis",2021-08-04,"United States","Illinois","Rock Island","Harmonia axyridis"
"498","AUGIEENTB0000335","Harmonia","axyridis",2021-08-05,"United States","Illinois","Rock Island","Harmonia axyridis"
"499","AUGIEENTB0000346","Harmonia","axyridis",2021-08-04,"United States","Illinois","Rock Island","Harmonia axyridis"
"500","AUGIEENTB0000336","Harmonia","axyridis",2021-08-05,"United States","Illinois","Rock Island","Harmonia axyridis"
"501","AUGIEENTB0000347","Harmonia","axyridis",2021-08-04,"United States","Illinois","Rock Island","Harmonia axyridis"
"502","AUGIEENTB0000337","Cycloneda","munda",2021-08-05,"United States","Illinois","Rock Island","Cycloneda munda"
"503","AUGIEENTB0000348","Harmonia","axyridis",2021-08-04,"United States","Illinois","Rock Island","Harmonia axyridis"
"504","AUGIEENTB0000338","Harmonia","axyridis",2021-08-05,"United States","Illinois","Rock Island","Harmonia axyridis"
"505","AUGIEENTB0000339","Harmonia","axyridis",2021-08-05,"United States","Illinois","Rock Island","Harmonia axyridis"
"506","AUGIEENTB0000349","Propylea","quatuordecimpunctata",2021-08-04,"United States","Illinois","Rock Island","Propylea quatuordecimpunctata"
"507","AUGIEENTB0000340","Harmonia","axyridis",2021-08-05,"United States","Illinois","Rock Island","Harmonia axyridis"
"508","AUGIEENTB0000350","Propylea","quatuordecimpunctata",2021-08-04,"United States","Illinois","Rock Island","Propylea quatuordecimpunctata"
"509","AUGIEENTB0000341","Hippodamia","convergens",2021-08-05,"United States","Illinois","Rock Island","Hippodamia convergens"
"510","AUGIEENTB0000342","Harmonia","axyridis",2021-08-05,"United States","Illinois","Rock Island","Harmonia axyridis"
"511","AUGIEENTB0000343","Harmonia","axyridis",2021-08-05,"United States","Illinois","Rock Island","Harmonia axyridis"
"512","AUGIEENTB0000351","Harmonia","axyridis",2021-08-05,"United States","Illinois","Rock Island","Harmonia axyridis"
"513","AUGIEENTB0000352","Hippodamia","convergens",2021-08-05,"United States","Illinois","Rock Island","Hippodamia convergens"
"514","AUGIEENTB0000353","Harmonia","axyridis",2021-08-05,"United States","Illinois","Rock Island","Harmonia axyridis"
"515","AUGIEENTB0000354","Harmonia","axyridis",2021-08-05,"United States","Illinois","Rock Island","Harmonia axyridis"
"516","AUGIEENTB0000355","Harmonia","axyridis",2021-08-05,"United States","Illinois","Rock Island","Harmonia axyridis"
"517","AUGIEENTB0000356","Harmonia","axyridis",2021-08-05,"United States","Illinois","Rock Island","Harmonia axyridis"
"518","AUGIEENTB0000357","Harmonia","axyridis",2021-08-05,"United States","Illinois","Rock Island","Harmonia axyridis"
"519","AUGIEENTB0000358","Harmonia","axyridis",2021-08-05,"United States","Illinois","Rock Island","Harmonia axyridis"
"520","AUGIEENTB0000359","Harmonia","axyridis",2021-08-05,"United States","Illinois","Rock Island","Harmonia axyridis"
"521","AUGIEENTB0000360","Coccinella","septempunctata",2021-08-05,"United States","Illinois","Rock Island","Coccinella septempunctata"
"522","AUGIEENTB0000361","Coccinella","septempunctata",2021-08-05,"United States","Illinois","Rock Island","Coccinella septempunctata"
"523","AUGIEENTB0000362","Hippodamia","convergens",2021-08-05,"United States","Illinois","Rock Island","Hippodamia convergens"
"524","AUGIEENTB0000363","Hippodamia","parenthesis",2021-08-05,"United States","Illinois","Rock Island","Hippodamia parenthesis"
"525","AUGIEENTB0000234","Coleomegilla","maculata",2021-07-20,"United States","Illinois","Rock Island","Coleomegilla maculata"
"526","AUGIEENTB0000002","Coleomegilla","maculata",2021-06-23,"United States","Iowa","Scott","Coleomegilla maculata"
"527","AUGIEENTB0000230","Hippodamia","variegata",2021-07-21,"United States","Illinois","Rock Island","Hippodamia variegata"
"528","AUGIEENTB0000365","Cycloneda","munda",2021-08-05,"United States","Illinois","Rock Island","Cycloneda munda"
"529","AUGIEENTB0000364","Coleomegilla","maculata",2021-08-05,"United States","Illinois","Rock Island","Coleomegilla maculata"
"530","AUGIEENTB0000367",NA,NA,2021-08-05,"United States","Illinois","Rock Island",NA
"531","AUGIEENTB0000368",NA,NA,2021-08-05,"United States","Illinois","Rock Island",NA
"532","AUGIEENTB0000369",NA,NA,2021-08-05,"United States","Illinois","Rock Island",NA
"533","AUGIEENTB0000370",NA,NA,2021-08-05,"United States","Illinois","Rock Island",NA
"534","AUGIEENTB0000366",NA,NA,2021-08-05,"United States","Illinois","Rock Island",NA
"535","AUGIEENTB0000374",NA,NA,2021-08-05,"United States","Illinois","Rock Island",NA
"536","AUGIEENTB0000372","Coleomegilla","maculata",2021-08-05,"United States","Illinois","Rock Island","Coleomegilla maculata"
"537","AUGIEENTB0000373",NA,NA,2021-08-05,"United States","Illinois","Rock Island",NA
"538","AUGIEENTB0000371",NA,NA,2021-08-05,"United States","Illinois","Rock Island",NA
"539","AUGIEENTB0000375",NA,NA,2021-08-05,"United States","Illinois","Rock Island",NA
"540","AUGIEENTB0000376","Coccinella","septempunctata",2021-08-17,"United States","Iowa","Scott","Coccinella septempunctata"
"541","AUGIEENTB0000377","Coccinella","septempunctata",2021-08-17,"United States","Iowa","Scott","Coccinella septempunctata"
"542","AUGIEENTB0000378","Harmonia","axyridis",2021-08-17,"United States","Iowa","Scott","Harmonia axyridis"
"543","AUGIEENTB0000379","Hippodamia","parenthesis",2021-08-17,"United States","Iowa","Scott","Hippodamia parenthesis"
"544","AUGIEENTB0000380","Propylea","quatuordecimpunctata",2021-08-17,"United States","Iowa","Scott","Propylea quatuordecimpunctata"
"545","AUGIEENTB0000381","Propylea","quatuordecimpunctata",2021-08-17,"United States","Iowa","Scott","Propylea quatuordecimpunctata"
"546","AUGIEENTB0000382","Cycloneda","munda",2021-08-17,"United States","Iowa","Scott","Cycloneda munda"
"547","AUGIEENTB0000383","Cycloneda","munda",2021-08-17,"United States","Iowa","Scott","Cycloneda munda"
"548","AUGIEENTB0000384","Cycloneda","munda",2021-08-17,"United States","Iowa","Scott","Cycloneda munda"
"549",NA,NA,NA,2021-08-17,"United States","Iowa","Scott",NA
"550","AUGIEENTB0000385","Coleomegilla","maculata",2021-08-17,"United States","Iowa","Scott","Coleomegilla maculata"
"551","AUGIEENTB0000386","Propylea","quatuordecimpunctata",2021-08-17,"United States","Iowa","Scott","Propylea quatuordecimpunctata"
"552","AUGIEENTB0000387","Cycloneda","munda",2021-08-17,"United States","Iowa","Scott","Cycloneda munda"
"553","AUGIEENTB0000388","Psyllobora","vigintimaculata",2021-08-17,"United States","Iowa","Scott","Psyllobora vigintimaculata"
"554","AUGIEENTB0000389","Psyllobora","vigintimaculata",2021-08-17,"United States","Iowa","Scott","Psyllobora vigintimaculata"
"555","AUGIEENTB0000390","Hippodamia","convergens",2021-08-17,"United States","Iowa","Scott","Hippodamia convergens"
"556","AUGIEENTB0000391","Coleomegilla","maculata",2021-08-17,"United States","Iowa","Scott","Coleomegilla maculata"
"557","AUGIEENTB0000392","Brachiacantha","ursina",2021-08-17,"United States","Iowa","Scott","Brachiacantha ursina"
"558","AUGIEENTB0000393","Brachiacantha","ursina",2021-08-17,"United States","Iowa","Scott","Brachiacantha ursina"
"559","AUGIEENTB0000394","Brachiacantha","ursina",2021-08-17,"United States","Iowa","Scott","Brachiacantha ursina"
"560","AUGIEENTB0000395","Brachiacantha","ursina",2021-08-17,"United States","Iowa","Scott","Brachiacantha ursina"
"561","AUGIEENTB0000396","Harmonia","axyridis",2021-08-17,"United States","Iowa","Scott","Harmonia axyridis"
"562","AUGIEENTB0000397","Harmonia","axyridis",2021-08-17,"United States","Iowa","Scott","Harmonia axyridis"
"563","AUGIEENTB0000398","Harmonia","axyridis",2021-08-17,"United States","Iowa","Scott","Harmonia axyridis"
"564","AUGIEENTB0000399","Harmonia","axyridis",2021-08-17,"United States","Iowa","Scott","Harmonia axyridis"
"565","AUGIEENTB0000400","Harmonia","axyridis",2021-08-17,"United States","Iowa","Scott","Harmonia axyridis"
"566","AUGIEENTB0000401","Harmonia","axyridis",2021-08-17,"United States","Iowa","Scott","Harmonia axyridis"
"567","AUGIEENTB0000402","Harmonia","axyridis",2021-08-17,"United States","Iowa","Scott","Harmonia axyridis"
"568","AUGIEENTB0000403","Harmonia","axyridis",2021-08-17,"United States","Iowa","Scott","Harmonia axyridis"
"569","AUGIEENTB0000404",NA,NA,2021-08-17,"United States","Iowa","Scott",NA
"570","AUGIEENTB0000405","Harmonia","axyridis",2021-08-17,"United States","Iowa","Scott","Harmonia axyridis"
"571","AUGIEENTB0000406","Harmonia","axyridis",2021-08-17,"United States","Iowa","Scott","Harmonia axyridis"
"572","AUGIEENTB0000407","Harmonia","axyridis",2021-08-17,"United States","Iowa","Scott","Harmonia axyridis"
"573","AUGIEENTB0000408","Harmonia","axyridis",2021-08-17,"United States","Iowa","Scott","Harmonia axyridis"
"574","AUGIEENTB0000409","Harmonia","axyridis",2021-08-17,"United States","Iowa","Scott","Harmonia axyridis"
"575","AUGIEENTB0000410","Harmonia","axyridis",2021-08-17,"United States","Iowa","Scott","Harmonia axyridis"
"576","AUGIEENTB0000411","Harmonia","axyridis",2021-08-17,"United States","Iowa","Scott","Harmonia axyridis"
"577","AUGIEENTB0000412","Harmonia","axyridis",2021-08-17,"United States","Iowa","Scott","Harmonia axyridis"
"578","AUGIEENTB0000413","Harmonia","axyridis",2021-08-17,"United States","Iowa","Scott","Harmonia axyridis"
"579","AUGIEENTB0000414","Harmonia","axyridis",2021-08-17,"United States","Iowa","Scott","Harmonia axyridis"
"580","AUGIEENTB0000415","Psyllobora","vigintimaculata",2021-08-17,"United States","Iowa","Scott","Psyllobora vigintimaculata"
"581","AUGIEENTB0000416","Harmonia","axyridis",2021-08-17,"United States","Iowa","Scott","Harmonia axyridis"
"582","AUGIEENTB0000417","Harmonia","axyridis",2021-08-17,"United States","Iowa","Scott","Harmonia axyridis"
"583","AUGIEENTB0000418","Harmonia","axyridis",2021-08-17,"United States","Iowa","Scott","Harmonia axyridis"
"584","AUGIEENTB0000419","Harmonia","axyridis",2021-08-17,"United States","Iowa","Scott","Harmonia axyridis"
"585","AUGIEENTB0000420","Harmonia","axyridis",2021-08-17,"United States","Iowa","Scott","Harmonia axyridis"
"586","AUGIEENTB0000421","Harmonia","axyridis",2021-08-17,"United States","Iowa","Scott","Harmonia axyridis"
"587","AUGIEENTB0000422","Harmonia","axyridis",2021-08-17,"United States","Iowa","Scott","Harmonia axyridis"
"588","AUGIEENTB0000423","Cycloneda","munda",2021-08-17,"United States","Iowa","Scott","Cycloneda munda"
"589","AUGIEENTB0000424","Coleomegilla","maculata",2021-08-17,"United States","Iowa","Scott","Coleomegilla maculata"
"590","AUGIEENTB0000425","Coccinella","septempunctata",2021-08-17,"United States","Iowa","Scott","Coccinella septempunctata"
"591","AUGIEENTB0000426","Harmonia","axyridis",2021-08-17,"United States","Iowa","Scott","Harmonia axyridis"
"592","AUGIEENTB0000427","Harmonia","axyridis",2021-08-17,"United States","Iowa","Scott","Harmonia axyridis"
"593","AUGIEENTB0000428","Coccinella","septempunctata",2021-08-17,"United States","Iowa","Scott","Coccinella septempunctata"
"594","AUGIEENTB0000429","Cycloneda","munda",2021-08-17,"United States","Iowa","Scott","Cycloneda munda"
"595","AUGIEENTB0000430","Harmonia","axyridis",2021-08-17,"United States","Iowa","Scott","Harmonia axyridis"
"596","AUGIEENTB0000431","Cycloneda","munda",2021-08-17,"United States","Iowa","Scott","Cycloneda munda"
"597","AUGIEENTB0000432","Cycloneda","munda",2021-08-17,"United States","Iowa","Scott","Cycloneda munda"
"598","AUGIEENTB0000433","Harmonia","axyridis",2021-08-18,"United States","Illinois","Rock Island","Harmonia axyridis"
"599","AUGIEENTB0000434","Hippodamia","parenthesis",2021-08-18,"United States","Illinois","Rock Island","Hippodamia parenthesis"
"600","AUGIEENTB0000435","Harmonia","axyridis",2021-08-18,"United States","Illinois","Rock Island","Harmonia axyridis"
"601","AUGIEENTB0000441","Coleomegilla","maculata",2021-08-18,"United States","Illinois","Rock Island","Coleomegilla maculata"
"602","AUGIEENTB0000442","Psyllobora","vigintimaculata",2021-08-18,"United States","Illinois","Rock Island","Psyllobora vigintimaculata"
"603","AUGIEENTB0000436","Harmonia","axyridis",2021-08-18,"United States","Illinois","Rock Island","Harmonia axyridis"
"604","AUGIEENTB0000437","Coleomegilla","maculata",2021-08-18,"United States","Illinois","Rock Island","Coleomegilla maculata"
"605","AUGIEENTB0000438","Harmonia","axyridis",2021-08-18,"United States","Illinois","Rock Island","Harmonia axyridis"
"606","AUGIEENTB0000439","Harmonia","axyridis",2021-08-18,"United States","Illinois","Rock Island","Harmonia axyridis"
"607","AUGIEENTB0000440","Coleomegilla","maculata",2021-08-18,"United States","Illinois","Rock Island","Coleomegilla maculata"
"608","AUGIEENTB0000443","Cycloneda","munda",2021-08-18,"United States","Illinois","Rock Island","Cycloneda munda"
"609","AUGIEENTB0000444","Harmonia","axyridis",2021-08-18,"United States","Illinois","Rock Island","Harmonia axyridis"
"610","AUGIEENTB0000445","Coleomegilla","maculata",2021-08-18,"United States","Illinois","Rock Island","Coleomegilla maculata"
"611","AUGIEENTB0000447","Psyllobora","vigintimaculata",2021-08-18,"United States","Illinois","Rock Island","Psyllobora vigintimaculata"
"612","AUGIEENTB0000448","Cycloneda","munda",2021-08-18,"United States","Illinois","Rock Island","Cycloneda munda"
"613","AUGIEENTB0000449","Psyllobora","vigintimaculata",2021-08-18,"United States","Illinois","Rock Island","Psyllobora vigintimaculata"
"614","AUGIEENTB0000450","Harmonia","axyridis",2021-08-18,"United States","Illinois","Rock Island","Harmonia axyridis"
"615","AUGIEENTB0000451","Harmonia","axyridis",2021-08-18,"United States","Illinois","Rock Island","Harmonia axyridis"
"616","AUGIEENTB0000455","Hyperaspis","undulata",2021-08-18,"United States","Illinois","Rock Island","Hyperaspis undulata"
"617","AUGIEENTB0000452","Harmonia","axyridis",2021-08-18,"United States","Illinois","Rock Island","Harmonia axyridis"
"618","AUGIEENTB0000453","Cycloneda","munda",2021-08-18,"United States","Illinois","Rock Island","Cycloneda munda"
"619","AUGIEENTB0000454","Propylea","quatuordecimpunctata",2021-08-18,"United States","Illinois","Rock Island","Propylea quatuordecimpunctata"
"620","AUGIEENTB0000501","Cycloneda","munda",2021-08-18,"United States","Illinois","Rock Island","Cycloneda munda"
"621","AUGIEENTB0000502","Psyllobora","vigintimaculata",2021-08-18,"United States","Illinois","Rock Island","Psyllobora vigintimaculata"
"622","AUGIEENTB0000503","Psyllobora","vigintimaculata",2021-08-18,"United States","Illinois","Rock Island","Psyllobora vigintimaculata"
"623","AUGIEENTB0000504","Psyllobora","vigintimaculata",2021-08-18,"United States","Illinois","Rock Island","Psyllobora vigintimaculata"
"624","AUGIEENTB0000505","Coleomegilla","maculata",2021-08-18,"United States","Illinois","Rock Island","Coleomegilla maculata"
"625","AUGIEENTB0000506","Psyllobora","vigintimaculata",2021-08-18,"United States","Illinois","Rock Island","Psyllobora vigintimaculata"
"626","AUGIEENTB0000507","Cycloneda","munda",2021-08-18,"United States","Illinois","Rock Island","Cycloneda munda"
"627","AUGIEENTB0000508","Cycloneda","munda",2021-08-18,"United States","Illinois","Rock Island","Cycloneda munda"
"628","AUGIEENTB0000509","Cycloneda","munda",2021-08-18,"United States","Illinois","Rock Island","Cycloneda munda"
"629","AUGIEENTB0000510","Cycloneda","munda",2021-08-18,"United States","Illinois","Rock Island","Cycloneda munda"
"630","AUGIEENTB0000511","Cycloneda","munda",2021-08-18,"United States","Illinois","Rock Island","Cycloneda munda"
"631","AUGIEENTB0000512","Psyllobora","vigintimaculata",2021-08-18,"United States","Illinois","Rock Island","Psyllobora vigintimaculata"
"632","AUGIEENTB0000513","Psyllobora","vigintimaculata",2021-08-18,"United States","Illinois","Rock Island","Psyllobora vigintimaculata"
"633","AUGIEENTB0000514","Cycloneda","munda",2021-08-18,"United States","Illinois","Rock Island","Cycloneda munda"
"634","AUGIEENTB0000515","Cycloneda","munda",2021-08-18,"United States","Illinois","Rock Island","Cycloneda munda"
"635","AUGIEENTB0000517","Harmonia","axyridis",2021-08-19,"United States","Illinois","Rock Island","Harmonia axyridis"
"636","AUGIEENTA0000500","Epargyreus","clarus",1966-06-29,"United States","Il","Rock Island","Epargyreus clarus"
